{
    "accuracy_train": 0.9032630820117038,
    "precision_train": 0.897391826923077,
    "recall_train": 0.9921861503501614,
    "accuracy_test": 0.8978501462918204,
    "precision_test": 0.8936931708260786,
    "recall_test": 0.9887099363261812
}
